Metric,Value
Exact Match Ratio,0.415
Hamming Loss,0.19375
Jaccard Score,0.7389583333333333
Micro-Precision,0.7940854326396495
Micro-Recall,0.8559622195985832
Micro-F1,0.8238636363636364
Macro-Precision,0.7518194668523795
Macro-Recall,0.8230655391120507
Macro-F1,0.7781507823613086
